"x","y","z","bhd"
101.636,-4.782,5.22,70.5
122.779,3.421,6.65,61.6
28.569,8.946,-1.156,54.5
5.234,21.902,-3.979,54
113.417,-10.618,5.052,53.9
37.154,35.245,0.641,53.7
0.838,44.839,-5.038,52.3
63.142,3.854,1.507,52.3
54.074,39.679,2.428,51.7
104.909,6.912,6.172,49.7
19.209,7.13,-1.709,49.2
111.451,5.909,6.585,48.9
58.567,-3.165,1.219,48.6
68.214,37.537,4.007,48.1
36.035,-0.141,-0.581,47.8
75.05,-3.685,2.555,47.4
49.048,45.118,2.569,47.3
143.572,-7.568,5.907,47.3
52.082,22.715,0.86,47.2
116.459,0.295,6.143,47.2
62.606,21.554,2.054,46.9
108.951,-4.829,5.382,46.8
113.537,14.808,7.578,46.7
98.496,15.032,6.071,46.6
128.469,-52.417,0.946,46.5
20.56,21.103,-2.404,46.4
35.306,30.861,-0.0230000000000001,46.3
146.965,-35.989,2.891,46.3
79.016,-52.682,-0.654,46.2
89.331,17.373,5.236,46.2
9.362,48.33,-3.287,46.1
132.814,-16.47,4.509,46.1
159.407,-18.586,4.67,46
35.26,-22.294,-1.24,46
46.962,22.473,0.51,45.8
133.468,-12.182,5.053,45.8
110.162,18.151,7.629,45.7
157.018,-11.493,5.132,45.7
15.918,44.11,-2.005,45.5
49.152,11.139,0.233,45.3
46.069,5.531,0.116,45.2
145.637,-19.013,4.671,45.1
76.534,15.273,3.278,44.9
0.388,4.724,-2.053,44.8
119.977,-9.665,5.135,44.5
57.663,48.294,2.973,44.5
102.779,2.861,5.828,44.3
149.169,-23.577,4.513,44.3
94.814,21.355,6.002,44.2
2.531,12.057,-3.314,44.2
-5.779,78.249,-9.288,44.2
111.556,-18.66,4.08,44.2
110.145,-45.721,1.323,44
93.438,23.435,5.981,44
121.156,-46.199,1.366,43.9
128.658,-46.544,1.53,43.7
145.603,-29.18,3.515,43.6
126.133,-9.865,5.179,43.6
93.286,4.451,5.086,43.5
48.872,-10.303,0.335,43.3
89.455,26.087,5.618,42.9
150.442,-19.458,5.296,42.7
99.679,-9.9,4.508,42.6
91.198,-10.06,3.831,42.5
28.105,58.57,-0.126,42.5
140.601,-14.496,5.006,42.5
30.432,31.635,-0.565,42.4
135.36,-24.621,3.798,42.4
35.645,44.236,1.364,42.4
110.866,-24.804,3.319,42.3
60.635,-1.175,1.326,42.3
11.696,56.558,-2.966,42.2
111.934,-0.447,5.915,42.2
99.587,-32.921,2.661,42.1
129.154,-22.301,3.96,42.1
69.408,-13.844,2.384,42
65.598,32.011,3.162,42
12.003,41.491,-2.812,42
99.768,12.702,6.007,41.9
24.254,-18.389,-1.363,41.9
116.085,-3.644,5.723,41.7
119.177,-36.514,2.577,41.6
62.414,9.743,1.462,41.6
127.055,-32.858,3.204,41.5
32.181,21.663,-1.035,41.4
52.142,49.421,2.811,41.4
87.706,13.659,4.626,41.3
13.372,10.431,-2.465,41.3
76.893,30.902,4.927,41.3
115.671,6.772,6.916,41.3
138.509,-27.911,3.495,41.3
10.021,-0.234,-1.669,41.2
14.92,6.676,-2.076,41.2
57.165,-26.08,0.838,41.2
44.75,-1.61,0.196,41.1
76.634,18.352,3.516,41.1
105.55,-60.088,-0.235,41.1
57.002,31.207,2.054,40.9
32.546,16.219,-1.05,40.9
32.823,0.866,-0.689,40.9
5.113,41.926,-4.264,40.8
90.054,-19.544,3.592,40.8
103.072,15.327,6.547,40.8
57.872,-14.827,1.113,40.7
123.341,-13.052,4.8,40.7
133.055,-3.344,5.902,40.6
27.715,26.8,-1.274,40.5
129.915,1.339,6.238,40.5
125.209,-14.294,4.646,40.5
137.891,-21.607,4.005,40.3
148.135,-32.564,3.294,40.3
86.172,1.213,3.87,40.2
103.315,-21.305,3.669,40.1
105.761,-25.268,3.359,40.1
66.375,17.798,2.19,40
75.688,-30.289,2.483,39.9
90.147,-4.827,4.155,39.9
52.779,13.26,0.645,39.9
108.719,-56.147,0.277,39.8
71.069,7.829,2.216,39.7
123.053,-30.691,3.194,39.6
3.994,21.727,-4.094,39.6
140.414,-3.841,6.108,39.6
131.238,6.139,6.838,39.6
-5.34,24.896,-4.966,39.5
102.877,-15.369,4.195,39.5
74.5,10.409,2.847,39.5
41.271,-14.518,-0.474,39.4
121.349,-28.44,3.174,39.3
72.694,-12.137,2.779,39.3
124.482,1.944,6.332,39.2
132.129,-43.225,2.011,39.2
33.437,-26.119,-1.676,38.8
31.612,-21.485,-1.44,38.8
127.539,-1.281,5.934,38.7
80.468,-5.303,3.094,38.7
121.024,-16.131,4.432,38.5
25.201,56.649,-0.426,38.4
57.823,42.953,2.868,38.4
96.007,-5.3,4.664,38.4
124.537,-38.381,2.625,38.3
69.806,-7.501,2.163,38.3
35.634,-16.514,-1.045,38.3
71.744,-22.13,2.838,38.3
107.813,-66.783,-1.162,38.2
56.52,9.371,0.958,38.2
49.512,16.935,0.313,38.2
77.921,22.955,4.094,38.2
82.553,-28.113,3.335,38.2
121.504,-61.814,-0.278,38.2
70.911,-33.514,1.549,38.1
143.45,-33.103,3.127,38
89.43,6.927,4.477,38
24.334,12.093,-1.757,38
130.201,-9.061,5.327,38
48.653,23.689,0.677,38
111.609,-61.442,-0.279,38
137.288,-46.867,1.64,37.9
113.655,-2.248,5.828,37.9
93.226,-28.921,3.089,37.8
108.024,9.632,6.682,37.7
86.902,-13.114,3.505,37.6
120.103,-42.126,1.848,37.5
30.04,28.734,-0.795,37.4
151.613,-14.686,5.372,37.4
87.413,9.191,4.364,37.4
17.498,63.418,-2.321,37.3
62.046,-34.379,0.449,37.3
15.529,63.851,-2.652,37.3
120.681,-5.481,5.839,37.3
134.27,-34.739,2.956,37.2
3.557,39.097,-4.533,37.2
40.775,-8.554,-0.27,37.2
7.631,-11.642,-1.636,37.1
101.523,11.144,6.086,37.1
101.963,-43.559,1.516,37.1
82.934,10.414,3.794,36.9
97.151,-39.406,1.918,36.8
116.533,-44.24,1.482,36.8
111.727,-31.108,2.853,36.7
99.916,22.073,6.659,36.7
128.71,-7.126,5.593,36.7
74.95,-7.018,2.645,36.6
71.535,32.944,4.148,36.6
75.296,-23.766,3.15,36.6
139.775,1.665,6.459,36.5
145.963,-4.885,6.112,36.4
29.904,-3.082,-0.838,36.4
91.914,-37.481,2.171,36.3
129.298,-3,6.003,36.3
77.699,28.11,4.806,36.3
76.811,-23.729,3.246,36.3
97.579,-23.052,3.463,36.3
110.95,-36.686,2.303,36.2
-1.225,58.73,-5.976,36.1
93.937,-32.512,2.724,36.1
20.782,-10.396,-1.178,36
130.758,-37.84,2.564,36
68.305,34.017,3.692,36
76.927,9.55,2.981,36
29.461,38.724,-0.0509999999999999,35.9
48.984,-7.73,0.366,35.9
26.002,61.154,-0.824,35.9
82.37,-7.957,3.251,35.9
19.484,18.128,-2.468,35.9
8.419,4.593,-2.22,35.9
30.738,50.196,0.627,35.9
25.237,24.976,-1.773,35.9
92.871,-41.925,1.584,35.9
55.895,7.127,0.859,35.8
138.595,-17.516,4.429,35.8
39.603,5.335,-0.483,35.8
122.191,-53.341,0.669,35.7
118.312,-59.562,0.0369999999999999,35.7
117.805,-16.288,4.448,35.7
105.992,-47.466,1.128,35.7
115.605,-67.219,-1.137,35.7
137.308,-0.756,6.356,35.6
137.893,-41.434,2.223,35.6
41.783,50.568,2.465,35.5
74.854,4.175,2.604,35.5
32.17,-24.463,-1.665,35.5
55.606,1.319,1.012,35.4
142.739,-26.736,3.633,35.4
51.808,-2.17,0.675,35.3
8.451,35.453,-3.861,35.3
86.677,-33.497,2.733,35.3
151.752,-7.961,5.753,35.3
89.504,29.104,5.943,35.3
67.448,-9.612,1.912,35.3
24.409,1.859,-1.091,35.1
107.322,-19.879,3.831,35.1
84.585,-1.277,3.613,35
67.581,24.981,2.8,34.9
142.259,-16.163,4.661,34.9
59.312,30.616,2.272,34.9
70.658,26.374,3.44,34.9
57.901,22.753,1.447,34.8
107.119,-41.411,1.794,34.8
110.191,-40.605,1.876,34.8
113.033,4.168,6.362,34.7
85.288,7.52,4.02,34.7
117.223,11.329,7.599,34.6
128.475,-18.75,4.128,34.5
26.137,40.463,-0.526,34.5
50.495,36.23,1.868,34.5
45.451,-32.51,-0.877,34.5
103.687,-50.286,0.902,34.4
105.569,-13.391,4.594,34.4
58.799,8.423,1.165,34.3
133.989,-40.12,2.254,34.3
49.555,-28.673,-0.0860000000000001,34.3
64.9,-17.749,1.922,34.3
141.206,-24.658,3.74,34.3
145.116,-23.391,4.054,34.2
100.039,-28.004,3.022,34.2
112.819,-53.54,0.66,34.1
70.983,-37.677,0.895,34
31.504,2.118,-0.859,34
70.16,-29.124,1.981,34
118.134,-50.572,0.902,33.9
62.89,18.31,1.819,33.8
27.186,-1.236,-0.91,33.8
71.158,1.621,2.009,33.7
58.102,-9.891,1.034,33.7
106.002,17.668,7.054,33.7
37.194,54.404,1.596,33.7
95.445,-19.367,3.724,33.6
106.027,-29.081,2.935,33.6
25.022,16.303,-1.87,33.5
43.701,-27.643,-0.687,33.5
54.913,-34.874,-0.438,33.4
34.035,25.412,-0.66,33.4
-1.685,0.492,-1.601,33.3
24.317,-11.821,-1.164,33.3
0.52,-2.825,-1.643,33.2
148.268,-11.842,5.301,33.1
106.975,-52.422,0.677,33.1
145.895,-10.41,5.573,33.1
88.527,-42.688,1.449,33
27.969,18.211,-1.557,33
81.791,-18.056,3.449,32.9
82.031,-10.939,3.38,32.9
62.559,-41.943,-0.605,32.9
72.735,-0.507,2.207,32.8
63.034,-27.394,1.361,32.8
82.215,24.788,4.85,32.8
123.106,-23.733,3.594,32.8
128.254,2.917,6.416,32.7
86.439,-45.064,1.095,32.7
59.422,3.784,1.213,32.7
-4.635,25.942,-5.038,32.7
108.954,13.34,6.956,32.6
90.061,-25.575,3.305,32.6
107.242,-22.153,3.521,32.6
28.853,-14.649,-1.272,32.6
91.636,-47.8,0.903,32.5
138.701,-34.106,2.926,32.5
101.662,-55.945,0.173,32.5
118.565,-28.209,3.068,32.4
102.755,-47.274,1.131,32.4
61.229,33.805,2.715,32.3
78.207,-17.572,3.437,32.2
63.774,-20.646,1.965,32.2
96.355,-12.979,4.19,32.2
38.941,23.874,-0.191,32.1
21.382,-18.65,-1.42,32.1
58.53,27.305,2.078,32
71.198,19.628,2.898,32
96.721,-42.131,1.59,31.9
11.542,2.646,-1.834,31.9
64.942,26.337,2.516,31.8
136.438,3.029,6.671,31.8
116.121,-32.264,2.729,31.7
131.363,-14.423,4.791,31.7
61.328,-24.705,1.452,31.6
103.108,-32.291,2.614,31.6
55.037,44.6,2.705,31.6
93.015,10.271,5.362,31.6
66.608,14.157,1.961,31.6
78.69,2.568,3.032,31.5
84.755,-41.397,1.511,31.5
96.657,-55.839,-0.0800000000000001,31.5
123.777,-48.729,1.23,31.4
15.254,-11.534,-1.339,31.4
63.068,-15.884,1.667,31.4
42.318,47.82,2.296,31.3
75.676,24.117,3.972,31.3
111.468,-34.87,2.435,31.3
81.242,21.605,4.394,31.3
91.733,-16.324,3.733,31.2
80.894,3.509,3.297,31.2
84.606,-21.445,3.505,31.2
68.649,-0.917,1.975,31.2
-4.581,18.642,-4.503,31.1
151.97,-10.932,5.422,31.1
128.06,-24.786,3.638,31.1
37.598,17.767,-0.576,31.1
42.559,12.171,-0.319,31
101.21,20.12,6.714,31
78.639,-31.023,2.611,31
67.457,-25.881,2.075,31
41.262,17.009,-0.214,30.9
141.906,-31.016,3.217,30.9
92.496,-11.821,3.864,30.9
114.302,-57.065,0.236,30.8
34.279,-2.021,-0.739,30.7
57.364,19.585,1.217,30.7
16.989,-3.622,-1.29,30.7
64.885,44.567,3.755,30.6
18.712,9.028,-1.942,30.6
12.844,-8.626,-1.358,30.6
107.61,15.781,7.02,30.6
94.573,-61.466,-1.192,30.6
81.258,-15.57,3.358,30.5
11.604,46.396,-2.885,30.4
76.75,-37.357,1.429,30.4
20.751,62.055,-1.727,30.4
16.137,-10.009,-1.289,30.4
60.27,-37.488,-0.157,30.3
53.452,26.778,1.245,30.3
154.311,-8.187,5.579,30.1
77.561,6.589,3.007,30
33.336,-13.698,-0.994,29.9
49.733,-30.58,-0.253,29.9
101.793,-49.537,0.925,29.8
123.572,-17.883,4.229,29.7
61.265,11.833,1.308,29.7
137.743,-43.777,1.963,29.7
61.103,-20.025,1.641,29.6
85.685,-31.331,2.995,29.5
86.252,-48.125,0.477,29.5
141.988,-20.22,4.299,29.5
133.668,-31.309,3.244,29.4
36.153,-5.321,-0.683,29.4
27.628,43.248,-0.0370000000000001,29.4
132.744,-37.236,2.682,29.4
40.882,9.712,-0.408,29.4
65.352,-23.96,1.971,29.3
101.167,-30.271,2.741,29.3
-3.081,62.034,-6.751,29.3
26.292,67.13,-1.602,29.2
98.747,-50.768,0.668,29.2
88.7,-2.076,4.036,29.2
22.614,-13.105,-1.21,29.2
29.926,47.447,0.437,29.2
-7.908,62.377,-7.809,29.2
91.626,-1.913,4.537,29.1
11.723,19.518,-3.288,29.1
2.712,76.055,-6.933,29.1
64.334,7.772,1.583,29
121.93,-43.655,1.645,29
55.596,12.886,0.797,29
36.95,9.149,-0.682,29
79.966,-8.464,3.051,29
9.072,68.266,-4.32,29
96.204,-26.264,3.12,28.9
1.095,-8.062,-1.687,28.9
41.25,42.287,1.779,28.8
76.568,-11.589,3.082,28.8
55.01,23.818,1.102,28.8
31.808,-17.876,-1.258,28.8
73.025,22.838,3.385,28.8
105.509,-7.585,5.073,28.8
28.887,-23.378,-1.755,28.7
54.115,-21.471,0.85,28.7
95.54,-10.109,4.17,28.7
52.384,-23.703,0.543,28.7
114.635,-60.743,-0.192,28.6
34.213,13.357,-0.952,28.5
21.19,48.156,-1.063,28.4
85.765,-3.41,3.694,28.4
136.113,-39.45,2.37,28.4
69.796,-37.214,0.826,28.4
116.539,-24.378,3.488,28.4
109.097,-28.885,2.978,28.4
69.616,30.205,3.572,28.3
73.888,-39.161,0.867,28.3
162.076,-21.86,4.511,28.3
28.259,-9.927,-1.147,28.2
50.062,29.993,1.179,28.2
53.797,9.711,0.663,28.1
-4.442,16.873,-4.348,28.1
119.025,-25.683,3.288,28.1
34.776,62.433,0.172,28
42.952,-28.404,-0.898,28
2.999,3.779,-2.087,27.9
47.256,-16.093,-0.0350000000000001,27.8
41.771,30.914,0.777,27.8
125.994,-21.634,3.909,27.8
37.771,-24.047,-1.22,27.7
101.257,-18.449,3.976,27.7
17.303,58.131,-2.012,27.7
85.782,-37.49,2.143,27.7
80.815,-34.548,2.23,27.7
105.413,-52.901,0.654,27.6
52.835,-3.96,0.764,27.6
95.396,-48.403,0.972,27.6
21.001,-6.414,-1.113,27.6
18.6,65.269,-2.361,27.5
82.988,-38.806,1.644,27.5
-3.521,52.723,-6.192,27.5
94.396,-46.187,1.182,27.4
61.983,-37.492,0.01,27.4
49.154,-16.143,0.177,27.4
45.372,25.881,0.471,27.3
90.79,-40.447,1.818,27.3
28.318,64.752,-1.051,27.2
83.629,-47.325,0.533,27.2
52.846,-14.9,0.533,27.2
35.432,48.897,1.369,27.2
55.614,-10.321,0.877,27.2
135.103,-44.541,1.825,27.1
18.416,-0.568,-1.404,27.1
83.726,-49.449,0.197,27.1
92.332,-25.88,3.175,27
72.018,-45.576,-0.31,27
-1.725,-6.038,-1.792,26.9
18.152,19.706,-2.611,26.9
48.636,-12.577,0.234,26.8
2.045,-3.897,-1.628,26.8
116.267,-47.91,1.121,26.8
80.599,0.506,3.225,26.8
53.045,-18.956,0.649,26.8
57.778,38.358,2.636,26.7
66.7,29.633,3.107,26.7
87.453,-37.164,2.221,26.7
88.628,-45.213,1.071,26.7
83.253,-55.029,-0.877,26.7
11.505,44.354,-2.812,26.6
11.389,32.707,-3.618,26.6
103.276,-10.593,4.747,26.6
68.8135,-44.08624,-0.423,26.6
67.517,-5.567,1.807,26.5
38.407,-0.325,-0.377,26.4
6.906,1.042,-1.807,26.4
42.482,56.913,2.194,26.4
49.375,-18.44,0.297,26.3
109.284,-15.642,4.317,26.3
19.044,45.801,-1.448,26.2
23.476,62.728,-1.348,26.2
23.525,-3.666,-1.079,26.2
19.87,-13.776,-1.284,26.2
78.874,-26.544,3.103,26.2
86.877,-24.998,3.419,26.2
-1.373,51.977,-5.684,26.2
43.932,-29.91,-0.906,26.1
11.943,11.284,-2.636,26
120.015,-53.673,0.602,26
41.663,-26.793,-0.946,26
101.404,-34.976,2.4,26
53.42,-35.492,-0.553,25.9
39.534,-7.108,-0.313,25.8
40.842,-16.412,-0.647,25.8
83.603,-41.453,1.454,25.8
119.415,-30.685,3.141,25.8
29.845,-16.349,-1.259,25.8
38.997,11.656,-0.545,25.8
79.208,-38.286,1.465,25.7
6.07,45.521,-4.027,25.7
88.101,-21.625,3.444,25.7
1.548,14.282,-3.682,25.7
28.748,38.461,-0.191,25.7
57.59,-28.674,0.706,25.6
24.427,0.398,-1.107,25.6
112.306,-65.652,-0.934,25.5
131.715,-20.732,3.979,25.5
103.644,-37.604,2.192,25.5
98.938,-15.76,4.035,25.4
98.793,-46.995,1.058,25.4
82.392,6.77,3.541,25.3
78.31,-41.661,0.857,25.3
2.21,24.566,-4.526,25.2
82.544,-40.493,1.465,25.2
49.077,-26.962,-0.117,25.2
84.561,-51.575,-0.0760000000000001,25.2
16.5,59.418,-2.204,25.2
96.165,-47.496,1.001,25.1
33.703,8.857,-0.868,25.1
24.689,38.012,-0.745,25.1
120.898,-37.574,2.729,25
117.388,-19.225,4.049,25
95.662,2.484,5.222,25
65.279,-38.725,0.0489999999999999,25
161.863,-19.198,4.721,24.9
128.823,-15.555,4.416,24.9
96.663,19.273,6.105,24.9
5.153,-6.209,-1.618,24.8
67.027,0.525,1.824,24.8
25.49,-10.808,-1.122,24.8
43.204,16.358,-0.153,24.7
107.158,-15.688,4.245,24.7
105.46,-34.58,2.479,24.7
21.675,3.348,-1.422,24.6
118.225,-21.069,3.87,24.5
18.602,52.368,-1.468,24.4
-7.524,80.892,-10.124,24.4
5.863,-1.911,-1.629,24.3
70.339,14.058,2.385,24.2
68.226,-10.901,2.018,24.1
93.168,-54.511,-0.0569999999999999,24.1
68.194,-41.436,-0.0940000000000001,24.1
31.108,37.438,0.0189999999999999,24.1
-4.239,4.639,-2.249,24
22.259,9.05,-1.795,24
-1.017,-4.021,-1.799,23.9
54.799,-17.084,0.873,23.9
90.915,11.09,5.023,23.9
104.563,-62.417,-0.603,23.8
20.305,52.914,-1.213,23.8
57.477,-21.405,1.279,23.8
17.57,33.841,-2.399,23.7
92.841,0.107,4.745,23.7
57.377,15.288,0.947,23.7
86.364,-41.404,1.627,23.7
104.546,19.48,7.089,23.6
94.944,7.526,5.4,23.6
120.894,-33.204,2.931,23.6
67.56,-21.968,2.301,23.5
7.103,14.904,-3.33,23.5
94.738,-40.256,1.759,23.5
47.218,-24.131,-0.189,23.4
108.362,-35.705,2.336,23.4
-2.912,73.813,-8.05,23.3
46.879,37.501,1.714,23.2
4.056,-3.106,-1.565,23.2
79.064,-19.986,3.533,23.2
14.127,14.897,-2.875,23.1
108.188,-31.997,2.643,23.1
9.197,11.518,-2.774,23.1
132.137,-51.416,0.971,23.1
102.179,-60.713,-0.631,23
43.565,-19.042,-0.445,23
0.299,16.634,-3.916,23
88.421,-8.503,3.78,23
28.706,22.664,-1.463,22.9
4.526,26.906,-4.396,22.9
12.466,18.606,-3.196,22.8
100.987,-58.888,-0.442,22.8
85.116,-53.598,-0.494,22.8
82.397,-33.418,2.508,22.7
28.302,6.736,-1.18,22.7
66.949,-42.202,-0.363,22.7
20.75,29.673,-2.186,22.7
7.456,63.489,-4.119,22.6
-2.85,21.059,-4.586,22.6
95.146,-56.154,-0.253,22.6
3.625,58.555,-4.823,22.5
107.305,-59.669,-0.172,22.5
39.466,46.52,1.934,22.4
-2.073,82.479,-9.033,22.4
109.46,-51.637,0.8,22.4
79.77,27.545,4.865,22.4
46.289,-22.566,-0.244,22.4
68.695,-24.364,2.31,22.4
44.225,8.307,-0.168,22.4
121.527,-19.154,4.056,22.3
139.198,-41.093,2.222,22.3
55.891,31.477,1.939,22.3
41.934,-31.135,-1.221,22.3
11.224,0.523,-1.707,22.2
146.182,-25.777,3.811,22.2
74.842,-31.669,2.096,22.1
28.915,-17.538,-1.393,22.1
74.599,-35.792,1.441,22.1
4.128,8.868,-2.699,22
131.775,-48.297,1.369,22
112.574,-39.872,1.997,21.9
14.981,-6.538,-1.26,21.9
30.066,-4.597,-0.901,21.8
74.053,18.632,3.125,21.8
96.481,-45.018,1.213,21.8
106.368,-37.549,2.228,21.8
121.349,-48.301,1.158,21.8
1.247,56.572,-5.233,21.8
-7.035,27.609,-5.468,21.7
64.101,-31.716,0.966,21.7
125.296,-34.363,3.111,21.7
32.661,-10.408,-0.972,21.7
22.547,43.159,-1.032,21.7
83.952,-39.387,1.68,21.7
36.599,60.101,0.75,21.7
42.082,-24.192,-0.792,21.7
78.734,18.694,3.756,21.7
86.686,-51.56,0.054,21.7
40.227,56.608,1.944,21.6
8.346,-1.86,-1.689,21.6
51.094,8.477,0.578,21.6
9.76,4.305,-2.125,21.6
67.145,21.577,2.472,21.6
47.409,31.814,1.125,21.6
57.998,35.186,2.382,21.6
21.773,56.821,-1.042,21.5
25.523,-11.66,-1.073,21.5
66.931,3.492,1.918,21.5
48.155,20.127,0.374,21.4
154.002,-15.637,5.106,21.4
34.02,-5.76,-0.75,21.3
35.35,18.68,-0.812,21.3
7.582,-4.294,-1.561,21.3
16.179,20.229,-2.845,21.3
-2.493,47.475,-5.783,21.3
-5.171,39.976,-6.106,21.3
73.931,-45.85,-0.27,21.2
83.246,-23.298,3.512,21.2
-4.525,42.96,-6.168,21.2
5.386,55.685,-4.293,21.1
148.694,-26.748,3.951,21.1
87.953,-17.48,3.499,21.1
127.252,-27.436,3.425,21.1
73.463,27.552,4.17,21
7.482,25.987,-4.127,21
15.845,23.576,-3.034,21
31.437,44.14,0.465,21
140.696,-31.288,3.191,20.9
99.54,-24.569,3.357,20.8
11.312,-11.705,-1.498,20.8
15.762,31.129,-2.803,20.8
14.595,47.599,-2.296,20.7
70.345,-4.572,2.019,20.6
91.943,-52.375,0.176,20.5
42.076,32.465,0.926,20.5
8.788,62.852,-3.936,20.5
43.91,43.111,2.079,20.4
19.724,32.096,-2.169,20.4
62.139,0.635,1.336,20.4
40.434,18.922,-0.322,20.3
96.572,-48.287,1.066,20.3
35.369,38.821,0.742,20.2
61.916,-19.347,1.741,20.2
42.196,40.449,1.643,20.2
98.076,-28.962,2.878,20.2
34.484,57.96,0.768,20.1
12.557,13,-2.712,20.1
56.357,-33.243,-0.171,20.1
80.556,-44.75,0.602,20.1
16.637,10.419,-2.268,20.1
-1.822,80.263,-8.574,20
69.824,32.701,3.799,20
56.351,34.21,2.191,20
28.106,51.77,0.187,19.9
31.574,5.897,-1.022,19.8
112.801,-68.557,-1.454,19.8
33.784,56.936,0.833,19.8
113.901,-63.962,-0.71,19.8
5.539,20.581,-3.826,19.7
27.483,53.57,0.0640000000000001,19.7
112.777,-53.235,0.67,19.7
78.619,-39.745,1.176,19.7
-3.356,22.319,-4.665,19.5
85.316,-14.196,3.441,19.5
45.166,-17.048,-0.28,19.4
47.276,-19.273,-0.0290000000000001,19.4
19.426,36.997,-1.912,19.4
-1.996,41.385,-5.724,19.3
74.856,-11.906,2.869,19.3
27.299,29.911,-1.198,19.2
17.782,37.476,-2.111,19.2
9.851,36.138,-3.699,19.2
102.987,-63.044,-0.949,19.1
72.232,-38.275,0.906,19.1
59.656,-27.268,0.945,19.1
52.725,-12.697,0.571,19
5.827,60.581,-4.448,18.9
141.504,-0.087,6.316,18.9
138.979,-36.324,2.654,18.9
24.498,37.272,-0.774,18.9
0.72173584,82.04918,-8.347,18.8
69.961,-19.546,2.52,18.8
3.838,-4.745,-1.598,18.7
7.321,12.25,-2.971,18.7
41.455,15.041,-0.329,18.7
18.523,70.941,-3.037,18.6
100.838,-13.411,4.267,18.6
30.883,-12.247,-1.145,18.6
73.35,-37.013,1.161,18.6
103.777,-56.736,0.0939999999999999,18.6
12.912,7.428,-2.339,18.4
25.787,13.408,-1.714,18.4
24.287,29.037,-1.775,18.4
66.464,-26.24,1.862,18.3
91.701,-54.026,-0.114,18.3
77.673,-43.793,0.475,18.2
40.209,-0.319,-0.245,18.2
73.356,-44.993,-0.166,18.1
34.435,-9.975,-0.89,18.1
-4.388,57.701,-6.719,18.1
3.061,1.177,-1.709,18.1
35.793,50.564,1.415,18
-8.035,38.977,-6.464,18
-5.222,36.574,-5.994,18
16.533,20.898,-2.806,17.9
31.826,57.91,0.34,17.9
151.547,-5.004,6.141,17.8
82.562,-29.198,3.19,17.8
25.987,47.36,-0.243,17.8
54.287,20.156,0.735,17.8
69.054,18.156,2.43,17.7
0.596,31.735,-5.139,17.6
20.469,-1.185,-1.27,17.6
92.556,-58.801,-0.872,17.6
9.592,60.611,-3.608,17.5
45.998,30.081,0.86,17.5
11.003,-8.242,-1.465,17.5
45.317,-8.099,0.022,17.5
17.099,43.565,-1.822,17.5
-1.701,34.348,-5.47,17.5
22.701,68.419,-2.311,17.5
38.928,-26.196,-1.146,17.4
31.921,12.234,-1.122,17.4
10.216,26.211,-3.825,17.4
29.001,50.27,0.323,17.4
68.038,10.89,1.928,17.4
23.591,33.62,-1.556,17.3
-5.006,55.753,-6.583,17.3
24.274,21.16,-2.126,17.3
40.856,52.413,2.219,17.3
25.288,31.593,-1.411,17.3
-7.749,45.091,-6.846,17.3
6.111,62.446,-4.48,17.2
5.135,27.618,-4.385,17.2
14.18,36.847,-2.757,17.2
51.596,17.343,0.497,17.2
-4.353,55.252,-6.353,17.1
39.214,-14.09,-0.722,17.1
83.154,-12.095,3.448,17.1
16.998,38.589,-2.023,17.1
19.695,30.376,-2.326,17.1
-3.866,14.602,-4.056,17
45.283,51.696,2.564,17
16.897,65.864,-2.622,17
66.215,-28.492,1.549,17
80.981,-48.819,-0.0390000000000001,16.9
45.772,-30.488,-0.701,16.9
27.744,31.026,-1.061,16.9
24.644,15.816,-1.886,16.9
-5.703,12.356,-3.741,16.8
105.358,-18.158,3.938,16.8
42.672,34.992,1.149,16.8
46.467,-17.007,-0.11,16.8
9.002,23.067,-3.815,16.7
43.416,-22.044,-0.553,16.7
31.758,9.007,-1.052,16.6
72.436,20.278,3.066,16.6
42.029,37.331,1.329,16.5
81.957,-47.911,0.196,16.5
18.52,33.521,-2.248,16.5
33.335,20.586,-1.021,16.5
10.818,40.946,-3.221,16.5
39.817,-18.717,-0.848,16.5
49.085,35.895,1.637,16.5
5.014,39.215,-4.326,16.5
22.698,-19.93,-1.506,16.4
54.276,18.24,0.665,16.4
18.449,46.785,-1.552,16.4
43.858,49.545,2.509,16.3
25.996,48.532,-0.19,16.3
63.553,39.775,3.449,16.3
112.523,-10.171,5.036,16.3
128.019,-56.07,0.61,16.3
44.38,54.294,2.543,16.2
81.371,-38.382,1.583,16.2
25.265,35.997,-0.692,16.2
-3.393,38.96,-5.859,16.2
-8.169,61.592,-7.773,16.2
88.069,-55.952,-0.823,16.2
61.213,-35.753,0.126,16.1
83.741,-44.623,0.876,16.1
57.488,-31.375,0.397,16.1
67.117,-34.62,0.886,16
14.875,37.781,-2.51,16
142.477,-38.817,2.459,15.9
17.519,38.179,-1.99,15.9
16.38,-5.848,-1.256,15.9
8.285,40.689,-3.812,15.9
36.776,24.527,-0.45,15.8
54.143,-17.441,0.798,15.7
-0.416,17.427,-4.18,15.7
67.345,-8.341,1.761,15.6
-5.224,51.724,-6.598,15.6
6.801,-0.254,-1.735,15.5
70.371,-40.474,0.339,15.4
13.922,25.006,-3.268,15.4
-4.171,24.028,-4.845,15.4
15.305,36.802,-2.538,15.3
53.462,-30.877,-0.0840000000000001,15.3
103.408,-63.923,-1.066,15.3
-6.744,23.15,-4.943,15.2
39.067,37.187,0.98,15.2
41.306,-12.521,-0.455,15.2
30.286,26.655,-1.068,15.2
38.589,58.499,1.468,15.1
19.618,70.176,-2.83,15.1
123.798,-21.17,3.883,15.1
12.716,61.92,-3.029,15.1
100.617,-43.568,1.487,15
37.392,30.587,0.109,15
78.598,-43.133,0.59,15
71.42,-41.298,0.298,14.9
27.053,12.389,-1.534,14.8
108.758,-63.859,-0.733,14.8
18.046,-8.983,-1.252,14.8
-2.572,61.615,-6.602,14.8
49.21,40.069,2.101,14.7
16.43,61.125,-2.376,14.7
32.807,10.151,-0.996,14.7
73.245,5.403,2.406,14.7
-2.812,61.604,-6.681,14.6
56.758,-28.097,0.639,14.6
50.552,-33.137,-0.652,14.5
42.399,-25.593,-0.797,14.5
72.063,-27.367,2.306,14.4
-5.338,80.638,-9.556,14.4
32.88,58.011,0.483,14.4
93.545,-21.038,3.455,14.3
-4.148,58.254,-6.743,14.3
103.774,-58.681,-0.215,14.3
14.038,69.768,-3.526,14.3
-6.121,49.349,-6.708,14.2
81.931,-49.354,0.00299999999999989,14.2
117.848,-62.434,-0.531,14.2
35.773,45.347,1.311,14.2
-8.612,71.559,-9.051,14.2
21.125,38.964,-1.618,14.1
21.29,48.801,-1.048,14.1
122.811,-25.766,3.359,14.1
65.249,0.408,1.581,14.1
13.504,24.276,-3.251,14.1
49.229,-23.228,0.079,14
33.261,12.293,-1.016,14
25.709,16.063,-1.825,14
-6.732,45.709,-6.725,14
93.911,-58.258,-0.779,14
35.394,-27.238,-1.614,13.9
1.512,2.147,-1.732,13.9
155.324,-13.866,4.962,13.9
57.173,-9.555,0.984,13.8
21.076,-1.96,-1.298,13.8
108.473,-0.586,5.826,13.8
4.541,45.71,-4.306,13.8
20.535,56.1,-1.294,13.8
56.299,-0.318,0.978,13.7
-0.104,78.94,-7.982,13.7
41.607,-6.519,-0.203,13.7
39.033,-8.402,-0.468,13.7
21.944,65.254,-2.017,13.7
4.549,3.889,-2.198,13.6
42.833,-11.428,-0.369,13.6
49.109,-31.929,-0.63,13.6
62.85,37.785,3.238,13.6
7.092,7.632,-2.721,13.6
33.334,60.268,0.23,13.6
24.972,2.795,-1.21,13.6
3.61,27.454,-4.578,13.5
2.472,19.082,-4.124,13.5
30.337,16.31,-1.227,13.5
12.781,37.145,-3.034,13.4
-3.518,14.176,-3.977,13.4
67.111,-31.295,1.317,13.4
9.423,14.048,-3.05,13.4
62.107,-23.955,1.572,13.3
20.303,14.946,-2.346,13.3
54.819,30.627,1.747,13.2
5.652,19.525,-3.775,13.2
27.553,1.101,-1.056,13.2
17.925,30.508,-2.562,13.2
-7.267,23.542,-5.005,13.1
24.179,49.621,-0.479,13.1
18.563,48.966,-1.592,13.1
38.891,-15.741,-0.843,13.1
21.134,11.71,-2.119,13.1
82.116,-15.166,3.285,13.1
7.112,46.542,-3.868,13.1
-8.239,77.526,-9.861,13
37.796,-2.718,-0.481,13
50.355,-23.331,0.227,13
13.835,2.823,-1.822,13
24.959,-19.278,-1.493,13
58.81,-36.682,-0.362,12.9
27.774,7.036,-1.219,12.9
0.12,47.061,-5.222,12.9
16.468,20.111,-2.772,12.9
22.608,68.367,-2.308,12.9
62.148,-35.779,0.214,12.9
12.934,-9.271,-1.368,12.9
54.712,-17.293,0.893,12.9
32.536,33.873,-0.151,12.9
18.95,69.984,-2.902,12.8
103.761,-51.632,0.667,12.8
46.571,-5.495,0.135,12.8
23.135,34.606,-1.541,12.6
57.395,39.341,2.583,12.6
48.273,15.032,0.0899999999999999,12.6
77.856,-46.528,0.0779999999999998,12.6
-6.951,48.955,-6.871,12.5
19.908,43.852,-1.426,12.5
69.969,10.843,2.145,12.5
89.21,-53.653,-0.26,12.4
85.178,-38.373,1.882,12.4
6.226,15.252,-3.447,12.4
4.496,32.097,-4.577,12.3
65.613,-1.329,1.565,12.3
8.757,26.782,-4.032,12.3
73.217,-35.359,1.432,12.3
50.834,19.389,0.452,12.3
11.749,23.466,-3.538,12.3
76.53,-11.104,3.054,12.3
36.958,-16.224,-1.032,12.2
38.841,57.137,1.657,12.2
3.135,48.438,-4.66,12.2
52.405,-31.598,-0.188,12.2
-6.774,26.794,-5.315,12.1
2.065,7.495,-2.661,12.1
16.203,16.201,-2.738,12.1
-4.05,-2.649,-1.898,12.1
-1.708,33.584,-5.544,12.1
98.809,-59.86,-0.728,12.1
65.035,-25.285,1.79,12.1
-6.51,50.956,-6.799,12
74.08,-11.328,2.742,12
-0.468,82.22,-8.675,11.9
11.588,-7.635,-1.448,11.9
-1.372,34.951,-5.438,11.9
28.006,-6.327,-1.057,11.9
64.236,1.721,1.491,11.9
62.631,-6.948,1.302,11.9
13.553,70.653,-3.707,11.8
19.574,-17.719,-1.493,11.8
29.106,32.998,-0.722,11.8
27.821,50.186,0.0959999999999999,11.8
51.86,37.303,2.066,11.8
24.972,-5.228,-1.043,11.8
76.685,-9.522,2.948,11.8
27.489,22.14,-1.639,11.7
38.282,17.32,-0.559,11.7
108.553,-64.502,-0.803,11.6
89.321,-52.543,-0.026,11.6
52.135,-28.166,0.143,11.6
36.912,-7.809,-0.652,11.6
21.625,-5.975,-1.15,11.6
16.926,25.783,-2.981,11.5
83.707,18.499,4.299,11.5
116.186,-48.711,1.051,11.5
5.626,25.944,-4.309,11.5
58.901,29.825,2.159,11.4
38.784,58.868,1.409,11.4
-7.944,53.005,-7.285,11.4
-2.457,19.878,-4.529,11.3
16.26,19.345,-2.848,11.3
27.042,36.99,-0.666,11.3
10.545,-12.661,-1.583,11.3
9.103,18.765,-3.557,11.2
1.882,36.251,-5.066,11.2
42.451,-21.351,-0.671,11.2
11.001,42.495,-3.143,11.1
42.769,-8.185,-0.251,11.1
12.529,58.315,-2.894,11.1
38.212,48.048,1.798,11.1
-3.833,35.874,-5.879,11.1
45.038,7.898,-0.105,11
57.871,1.427,1.077,11
16.869,46.465,-1.857,11
2.884,42.171,-4.706,11
54.555,34.846,1.993,10.9
64.826,-8.216,1.485,10.9
-0.941,42.904,-5.553,10.9
17.454,52.582,-1.747,10.9
50.104,-10.376,0.416,10.8
60.883,34.528,2.689,10.8
10.964,54.665,-3.148,10.8
13.861,-7.406,-1.328,10.8
125.234,-22.72,3.73,10.8
53.267,2.994,0.821,10.8
-5.726,66.168,-7.847,10.8
45.362,-10.159,-0.0649999999999999,10.7
36.156,-7.288,-0.691,10.7
74.93,15.122,3.019,10.7
26.833,38.328,-0.473,10.7
86.438,-43.361,1.24,10.7
7.479,13.343,-3.103,10.7
19.944,2.853,-1.488,10.7
71.707,-46.469,-0.507,10.7
64.736,-32.684,0.917,10.6
20.759,-12.659,-1.21,10.6
1.964,5.85,-2.384,10.6
43.117,37.837,1.449,10.6
7.813,11.64,-2.906,10.6
66.425,-29.268,1.493,10.5
36.029,-10.567,-0.834,10.5
89.319,-44.114,1.167,10.5
56.338,27.744,1.674,10.5
62.134,44.952,3.297,10.5
112.742,-9.774,5.044,10.5
58.897,-35.151,-0.188,10.5
12.277,22.257,-3.424,10.5
37.563,-29.175,-1.547,10.5
40.269,-29.376,-1.324,10.5
24.176,33.57,-1.486,10.5
64.383,-28.089,1.405,10.4
27.157,-3.153,-0.933,10.4
72.539,-42.281,0.265,10.4
5.003,38.583,-4.329,10.4
8.894,56.708,-3.646,10.4
39.924,43.546,1.736,10.4
11.22,51.322,-3.081,10.3
63.892,-3.681,1.377,10.3
33.733,61.387,0.136,10.3
9.976,22.678,-3.698,10.3
46.82,35.39,1.426,10.2
31.212,0.079,-0.886,10.2
111.82,-58.105,0.00499999999999989,10.2
3.431,13.271,-3.475,10.2
34.517,46.298,1.104,10.2
9.211,24.903,-3.871,10.2
2.254,10.627,-3.215,10.1
9.321,6.937,-2.5,10.1
93.736,-53.021,0.223,10.1
95.461,-53.75,0.19,10.1
83.272,-46.462,0.595,10.1
76.3,-43.044,0.423,10.1
6.425,62.221,-4.409,10
48.502,-30.844,-0.47,10
39.381,27.091,0.0409999999999999,10
26.646,34.982,-0.852,9.9
34.643,6.205,-0.845,9.9
-5.012,-1.101,-1.92,9.9
78.167,-36.083,1.639,9.9
148.152,-5.294,6.167,9.8
34.446,59.523,0.513,9.8
10.035,54.132,-3.349,9.8
2.551,16.677,-3.833,9.8
50.461,45.364,2.55,9.7
0.513,16.291,-3.836,9.7
39.77,16.904,-0.438,9.7
12.479,12.461,-2.589,9.7
9.555,-10.451,-1.52,9.7
27.643,47.068,0.0309999999999999,9.7
24.335,3.723,-1.336,9.6
44.859,49.167,2.526,9.6
2.88,-5.742,-1.689,9.5
43.104,-13.901,-0.42,9.5
22.9,43.963,-0.961,9.5
31.463,15.289,-1.157,9.5
4.162,10.197,-2.956,9.5
-4.014,36.3,-5.901,9.5
50.359,-12.479,0.345,9.5
-5.937,10.584,-3.468,9.5
109.564,-67.65,-1.309,9.4
14.048,12.045,-2.605,9.4
50.739,26.152,0.911,9.4
86.633,3.655,3.949,9.4
68.198,-36.097,0.738,9.4
45.977,-11.307,-0.032,9.4
76.411,-35.17,1.649,9.3
-4.234,57.458,-6.66,9.3
21.492,40.532,-1.378,9.3
-3.24,12.747,-3.765,9.2
0.597,35.211,-5.296,9.2
30.867,-8.518,-0.795,9.2
61.235,-28.572,0.97,9.2
20.513,52.039,-1.151,9.1
17.043,-9.555,-1.256,9.1
3.757,6.699,-2.592,9.1
19.463,-8.496,-1.208,9.1
-2.014,82.689,-9.064,9.1
17.266,47.531,-1.811,9
29.518,51.302,0.382,9
-2.411,12.144,-3.611,9
21.979,38.332,-1.511,9
20.872,55.707,-1.215,9
28.83,-9.024,-1.06,9
-3.118,11.837,-3.609,9
22.62,57.26,-0.913,9
41.736,45.164,2.029,8.9
88.523,19.397,4.929,8.9
52.242,32.991,1.622,8.9
57.043,-35.221,-0.434,8.9
23.718,59.827,-1.053,8.9
-3.506,38.525,-5.871,8.9
2.043,53.388,-5.021,8.8
10.061,60.912,-3.527,8.8
62.402,-31.364,0.872,8.8
-3.789,13.622,-3.949,8.8
21.39,17.573,-2.392,8.8
14.095,51.564,-2.484,8.8
-0.971,36.261,-5.518,8.8
89.699,-39.619,1.944,8.8
68.229,-29.283,1.704,8.8
10.676,60.589,-3.355,8.7
38.551,32.759,0.466,8.7
16.661,-7.552,-1.116,8.7
30.968,-2.512,-0.883,8.7
27.171,51.578,0.02,8.7
5.056,-0.312,-1.717,8.7
15.009,-7.127,-1.245,8.7
-2.066,33.853,-5.578,8.7
-6.716,22.049,-4.865,8.7
45.842,-24.418,-0.369,8.6
46.561,33.177,1.167,8.6
77.613,-38.326,1.287,8.6
29.233,-0.806,-0.948,8.6
-3.006,12.631,-3.731,8.6
7.313,75.637,-6.094,8.6
64.617,1.028,1.515,8.6
44.25,-9.389,-0.137,8.6
7.361,45.024,-3.839,8.6
40.032,-21.782,-0.996,8.6
44.7,47.739,2.475,8.6
1.081,51.873,-5.223,8.5
82.087,-35.785,2.053,8.5
31.83,31.5,-0.483,8.5
162.85,-18.803,4.539,8.5
80.478,-16.855,3.38,8.4
20.609,56.88,-1.325,8.4
14.837,62.122,-2.746,8.4
6.216,48.879,-4.003,8.4
92.641,-55.427,-0.272,8.4
46.525,-30.349,-0.634,8.3
74.967,-42.866,0.301,8.3
10.651,-10.485,-1.492,8.3
55.292,36.076,2.16,8.3
79.03,-31.317,2.589,8.3
112.663,-63.416,-0.648,8.3
21.547,35.405,-1.717,8.3
0.5,9.3,-3.1,8.3
-6.957,25.824,-5.23,8.3
71.437,-30.71,1.873,8.3
53.057,32.032,1.612,8.3
8.409,46.135,-3.605,8.3
18.895,23.429,-2.781,8.2
-2.09,79.449,-8.474,8.2
67.378,-27.128,1.833,8.2
24.281,47.931,-0.53,8.2
89.901,-45.917,0.981,8.2
104.076,-65.275,-1.263,8.1
39.372,34.787,0.735,8.1
49.138,-24.558,0.04,8.1
12.111,48.5,-2.81,8.1
7.918,57.029,-3.861,8
48.301,-15.23,0.038,8
15.251,38.944,-2.344,8
91.521,-46.189,1.033,8
77.918,-46.902,0.0549999999999999,8
-4.419,39.255,-5.932,8
107.049,-58.087,-0.083,8
3.39,11.526,-3.197,8
100.267,-48.709,0.91,8
31.276,-3.59,-0.851,7.9
92.327,-44.402,1.304,7.9
-6.524,27.786,-5.451,7.8
-3.479,47.61,-6.082,7.8
41.68,11.366,-0.271,7.8
16.249,-11.759,-1.375,7.8
24.715,60.967,-0.984,7.8
116.634,-65.892,-1.034,7.8
89.895,-58.268,-0.987,7.7
40.214,40.695,1.466,7.7
77.024,-44.527,0.3,7.7
51.309,-20.537,0.475,7.7
20.856,46.353,-1.165,7.7
50.216,22.877,0.645,7.7
13.264,53.612,-2.626,7.7
-4.411,77.089,-8.779,7.7
12.024,69.999,-3.897,7.7
52.427,29.249,1.372,7.7
63.719,-43.082,-0.688,7.6
149.417,-5.67,6.092,7.6
47.99,34.64,1.408,7.6
19.106,51.153,-1.459,7.6
1.753,9.015,-2.957,7.6
53.06,-32.993,-0.322,7.6
12.54,49.435,-2.758,7.6
6.177,48.67,-4.017,7.6
12.369,68.212,-3.599,7.6
56.851,-23.481,1.076,7.5
1.458,10.036,-3.199,7.5
-1.495,39.293,-5.617,7.5
37.474,33.181,0.444,7.5
2.953,14.055,-3.606,7.5
75.512,-32.483,2.07,7.4
17.677,28.696,-2.707,7.4
8.042,49.749,-3.614,7.4
-1.371,11.031,-3.472,7.4
0.139,50.707,-5.366,7.4
36.322,-15.805,-1.028,7.4
9.929,54.138,-3.368,7.4
3.364,20.039,-4.087,7.4
23.689,41.176,-0.985,7.4
47.232,30.578,1.005,7.4
51.03,-8.521,0.48,7.4
15.05,22.111,-3.108,7.3
11.511,34.193,-3.491,7.3
35.971,55.024,1.375,7.3
30.911,17.005,-1.264,7.3
12.022,25.506,-3.548,7.3
94.996,-45.016,1.228,7.3
10.603,43.325,-3.203,7.3
49.425,41.392,2.264,7.2
28.667,52.134,0.23,7.2
43.785,41.349,1.835,7.2
27.189,49.117,-0.00700000000000012,7.2
17.148,27.399,-2.872,7.2
-2.393,3.448,-1.935,7.2
51.505,19.868,0.517,7.2
3.888,19.52,-3.992,7.2
27.915,32.415,-0.921,7.2
77.658,-46.744,0.0289999999999999,7.1
31.366,16.276,-1.197,7.1
14.795,-8.277,-1.281,7.1
4.387,26.455,-4.388,7.1
1.846,10.412,-3.238,7.1
28.303,20.494,-1.501,7.1
6.517,6.436,-2.506,7.1
-5.473,12.741,-3.816,7.1
26.757,35.681,-0.731,7.1
-2.898,53.043,-6.1,7
0.243,27.97,-5.046,7
37.276,16.72,-0.692,7
30.981,22.779,-1.206,7
1.373,5.79,-2.293,7
7.42,43.449,-3.797,7
37.166,41.762,1.285,7
90.592,-59.443,-1.035,6.9
9.665,42.869,-3.455,6.9
21.802,1.508,-1.321,6.9
15.938,42.057,-2.132,6.9
-0.395,13.501,-3.695,6.9
14.433,23.936,-3.169,6.9
22.06,42.322,-1.196,6.9
108.182,-48.981,0.979,6.9
90.964,-51.279,0.231,6.9
3.635,46.593,-4.501,6.9
60.431,8.836,1.197,6.9
15.391,41.795,-2.274,6.8
102.349,-48.459,0.996,6.8
-0.689,38.436,-5.413,6.8
78.233,-46.728,0.122,6.8
12.472,37.056,-3.109,6.8
77.594,-30.647,2.528,6.8
3.925,26.547,-4.455,6.8
63.34,-24.801,1.609,6.7
51.383,-24.416,0.314,6.7
8.478,46.446,-3.587,6.7
-3.381,0.276,-1.777,6.7
99.794,-49.892,0.757,6.7
4.975,52.057,-4.311,6.7
8.915,13.971,-3.083,6.7
15.013,60.312,-2.55,6.6
82.016,-37.863,1.675,6.6
-4.035,79.077,-8.884,6.6
32.077,54.182,0.712,6.6
22.717,37.541,-1.401,6.6
-3.632,-1.215,-1.834,6.6
6.933,8.475,-2.86,6.6
-3.062,11.217,-3.521,6.6
19.951,-5.472,-1.208,6.6
20.699,-16.603,-1.429,6.6
55.026,-38.395,-0.947,6.6
4.409,63.593,-4.994,6.6
50.71,-26.326,0.116,6.6
60.141,-31.561,0.47,6.6
50.516,27.449,1.041,6.6
-5.507,11.729,-3.649,6.5
148.309,-35.299,2.947,6.5
68.989,-26.573,2.117,6.5
15.162,68.184,-3.15,6.5
31.275,11.738,-1.16,6.5
29.61,6.942,-1.097,6.5
72.533,-43.817,-0.052,6.5
76.271,-45.568,0.028,6.5
113.272,-58.541,0.052,6.5
27.474,-3.384,-0.914,6.5
20.991,47.126,-1.136,6.5
6.658,17.964,-3.669,6.4
37.924,-27.782,-1.428,6.4
14.789,20.827,-3.118,6.4
23.938,46.392,-0.63,6.4
42.099,-18.938,-0.66,6.4
90.051,-54.414,-0.358,6.4
4.519,10.295,-2.972,6.4
22.675,56.323,-0.803,6.3
53.585,50.745,2.697,6.3
37.684,50.999,1.698,6.3
95.499,-50.141,0.73,6.3
76.698,-47.305,-0.167,6.3
22.812,58.982,-1.099,6.3
3.224,36.892,-4.759,6.3
14.307,23.465,-3.174,6.3
37.806,57.234,1.455,6.3
-1.75,32.26,-5.404,6.3
15.787,21.06,-2.981,6.3
9.618,18.231,-3.501,6.3
2.052,54.435,-5.026,6.2
28.455,32.355,-0.817,6.2
81.641,-42.264,1.123,6.2
5.064,34.931,-4.512,6.2
75.911,-46.502,-0.136,6.2
5.58,48.27,-4.158,6.2
-1.174,-1.176,-1.671,6.2
20.43,32.054,-2.115,6.2
5.029,53.419,-4.352,6.2
67.422,-29.173,1.684,6.1
65.875,-26.626,1.694,6.1
76.819,-47.095,-0.109,6.1
79.418,-35.169,1.982,6.1
-0.349,-2.105,-1.676,6.1
54.661,-17.862,0.894,6.1
6.181,47.579,-4.058,6.1
-8.352,75.64,-9.605,6.1
9.044,46.456,-3.478,6.1
43.143,49.399,2.435,6.1
55.109,-6.813,0.823,6
21.202,32.318,-2.009,6
21.713,43.938,-1.201,6
-3.851,81.452,-9.299,6
9.256,57.041,-3.567,6
8.969,22.068,-3.748,6
47.19,-12.625,0.0209999999999999,6
6.03,30.888,-4.435,6
-3.452,29.889,-5.487,6
25.504,49.926,-0.219,6
18.691,22.447,-2.765,5.9
27.245,48.931,0.00499999999999989,5.9
27.99,49.074,0.11,5.9
20.97,-5.639,-1.172,5.9
-8.552,80.193,-10.226,5.8
26.806,54.148,-0.095,5.8
-1.976,34.506,-5.518,5.8
143.709,-3.861,6.135,5.8
27.156,48.442,-0.00900000000000012,5.8
82.94,-29.049,3.212,5.8
-3.825,46.459,-6.137,5.8
88.237,-40.056,1.914,5.8
8.111,55.968,-3.765,5.8
-2.19,-4.034,-1.83,5.8
70.426,-27.446,2.194,5.8
-5.98,12.27,-3.747,5.8
42.756,40.926,1.765,5.7
115.307,12.854,7.526,5.7
5.875,58.262,-4.397,5.7
5.295,51.362,-4.215,5.7
69.831,-42.499,-0.136,5.7
49.692,-24.491,0.091,5.7
20.949,40.293,-1.535,5.7
-3.535,2.766,-1.981,5.7
23.107,58.918,-1.054,5.7
14.372,24.72,-3.205,5.7
89.334,-59.043,-1.048,5.7
3.988,27.572,-4.536,5.7
64.836,-29.037,1.321,5.7
35.893,42.191,1.178,5.6
22.591,35.128,-1.616,5.6
-8.447,50.507,-7.246,5.6
7.419,51.672,-3.774,5.6
77.587,-48.391,-0.27,5.6
9.701,25.289,-3.829,5.6
8.384,51.647,-3.562,5.6
90.35,-42.335,1.436,5.6
-2.114,2.157,-1.802,5.6
13.13,24.301,-3.325,5.6
1.881,42.75,-4.893,5.6
82.915,-34.605,2.419,5.6
33.189,37.795,0.281,5.6
90.773,-55.356,-0.453,5.6
41.782,47.516,2.195,5.6
2.469,11.383,-3.268,5.5
7.347,49.48,-3.754,5.5
24.493,46.146,-0.534,5.5
96.02,-41.139,1.679,5.5
-6.541,27.395,-5.395,5.5
92.312,-50.628,0.483,5.5
-8.495,49.903,-7.19,5.5
39.354,50.484,1.986,5.4
135.374,3.547,6.734,5.4
-3.266,81.499,-9.14,5.4
23.707,45.597,-0.748,5.4
-2.93,45.069,-5.94,5.4
-1.813,-1.155,-1.702,5.4
-5.119,37.279,-6.027,5.4
15.51,52.184,-2.133,5.4
18.706,66.127,-2.493,5.4
31.375,56.506,0.449,5.4
69.498,-29.792,1.791,5.4
-5.893,65.929,-7.862,5.4
72.348,-5.883,2.168,5.4
55.416,-7.983,0.839,5.4
78.102,9.889,3.187,5.3
51.39,31.526,1.444,5.3
26.744,30.574,-1.153,5.3
3.232,9.714,-2.905,5.2
68.554,-32.107,1.358,5.2
4.926,44.719,-4.307,5.2
85.449,-36.033,2.247,5.2
13.341,67.145,-3.321,5.2
12.118,24.9,-3.522,5.1
19.278,52.664,-1.391,5.1
-5.265,-1.146,-1.928,5.1
113.867,-65.062,-0.896,5.1
0.798,17.113,-4.005,5.1
21.497,31.603,-1.994,5.1
67.532,-46.275,-0.807,5
94.484,-49.971,0.726,5
56.104,10.534,0.838,5
-2.708,57.276,-6.319,5
-1.15,43.119,-5.599,5
55.812,-16.249,0.947,5
-0.20921876,62.900284,-6.168,5
-2.0133462,78.84557,-8.365,5
-5.9809914,1.2979687,-2.04,5
-6.5189233,10.236895,-3.406,5
10.526115,76.31874,-5.552,5
163.09055,-20.871864,4.538,5
157.08672,-25.78745,4.493,5
154.54752,-27.406143,4.129,5
4.3861866,60.22909,-4.803,5
1.8638086,59.58116,-5.453,5
4.794802,62.122963,-4.842,5
2.653611,61.147903,-5.336,5
3.5563257,61.707813,-5.143,5
2.8704052,63.012928,-5.418,5
16.064913,66.62666,-2.798,5
15.416394,71.857254,-3.575,5
-9.285305,70.55172,-8.931,5
23.467,59.57,-1.083,5
78.362,-45.951,0.241,5
37.661,43.864,1.505,5
75.78,-47.961,-0.412,4.9
23.698,47.641,-0.66,4.9
68.143,-27.553,1.88,4.9
1.784,54.52,-5.117,4.9
-5.072,43.97,-6.231,4.9
87.302,-50.923,0.103,4.9
-4.16,37.662,-5.944,4.9
-4.416,35.812,-5.915,4.9
26.28,48.629,-0.126,4.9
78.167,-46.308,0.159,4.9
-7.607,31.908,-5.903,4.9
14.017,68.901,-3.402,4.9
63.642,-33.217,0.717,4.9
22.768,41.039,-1.155,4.8
8.406,16.606,-3.442,4.8
-2.755,45.566,-5.864,4.8
4.517,39.442,-4.386,4.8
19.373,28.928,-2.463,4.8
71.336,-48.458,-0.807,4.8
7.003,19.07,-3.682,4.8
-5.045,23.048,-4.817,4.8
7.621,13.108,-3.063,4.8
-6.931,70.31,-8.583,4.8
22.56,-13.98,-1.265,4.7
67.323,-45.49,-0.791,4.7
71.721,-10.108,2.485,4.7
87.495,-50.949,0.103,4.7
-0.345,31.443,-5.21,4.7
72.156,-46.194,-0.412,4.7
-3.943,16.812,-4.332,4.7
-5.707,39.132,-6.146,4.7
39.08,49.326,1.883,4.6
70.298,-47.022,-0.782,4.6
-5.312,3.49,-2.237,4.6
72.147,-48.286,-0.775,4.6
-8.085,73.35,-9.25,4.6
51.853,-29.745,-0.0640000000000001,4.6
1.08,64.95,-6.077,4.5
61.263,-22.435,1.525,4.5
25.133,49.352,-0.299,4.5
77.847,-47.432,-0.004,4.5
10.121,59.772,-3.489,4.5
23.48,36.798,-1.287,4.5
1.128,67.851,-6.544,4.5
-5.193,42.485,-6.281,4.5
19.732,44.687,-1.397,4.4
18.972,70.619,-2.955,4.4
77.776,-48.295,-0.231,4.4
-3.968,24.364,-4.863,4.4
-4.24,-2.573,-1.905,4.4
-7.924,75.679,-9.524,4.4
-8.645,62.07,-7.914,4.4
92.948,-49.766,0.681,4.4
18.935,71.207,-3.02,4.4
73.073,-30.231,2.027,4.4
25.982,49.1,-0.18,4.4
23.227,56.588,-0.735,4.4
99.151,-54.978,0.111,4.3
-3.389,79.127,-8.743,4.3
4.122,63.068,-5.048,4.3
5.035,57.225,-4.516,4.3
1.911,66.439,-6.14,4.3
1.221,36.634,-5.172,4.2
26.541,34.014,-1.025,4.2
1.272,39.222,-5.113,4.2
-0.133,14.417,-3.796,4.2
17.652,-16.423,-1.476,4.2
146.703,-3.665,6.335,4.2
74.354,-49.506,-0.811,4.2
145.638,-1.997,6.632,4.2
-7.729,47.018,-6.971,4.2
97.428,-52.7,0.335,4.2
15.047,37.241,-2.533,4.2
20.077,32.316,-2.124,4.2
157.461,-24.351,4.632,4.1
-7.904,66.464,-8.413,4.1
-1.453,40.751,-5.624,4.1
-8.411,43.261,-6.777,4.1
99.974,-52.749,0.368,4.1
-5.884,71.309,-8.466,4.1
-8.034,38.148,-6.394,4.1
94.065,-60.664,-1.079,4.1
21.873,42.118,-1.244,4.1
2.27,71.118,-6.434,4.1
-3.536,65.401,-7.2,4
6.346,56.172,-4.124,4
-6.755,55.034,-7.128,4
7.993,58.167,-3.947,4
58.116,15.521,1.027,4
73.466,-44.664,-0.12,4
69.932,-47.319,-0.809,4
161.328,-19.868,4.708,4
3.0193133,51.969013,-4.791,4
0.6082422,57.487324,-5.514,4
27.988792,28.855835,-1.186,4
97.819,-57.803,-0.491,4
11.408,47.723,-2.968,4
17.519,68.858,-2.781,4
-5.894,9.581,-3.306,4
34.445,57.528,0.845,4
72.172,-48.022,-0.754,4
71.729,-48.141,-0.78,4
18.626,36.677,-2.108,4
86.084,-49.375,0.25,4
-3.011,56.78,-6.384,4
58.023,-40.232,-0.959,3.9
-5.74,69.204,-8.028,3.9
71.328,-48.048,-0.79,3.9
3.11,71.196,-6.214,3.9
14.455,45.728,-2.388,3.9
79.05,-48.107,-0.111,3.9
19.895,29.634,-2.322,3.9
144.805,-1.294,6.648,3.9
8.139,57.859,-3.876,3.9
19.117,-18.413,-1.52,3.9
117.126,13.752,7.79,3.8
-4.818,23.564,-4.847,3.8
20.889,51.359,-1.114,3.8
7.282,58.118,-4.098,3.8
71.53,-48.523,-0.809,3.8
59.427,48.01,3.115,3.8
17.879,54.449,-1.725,3.8
-8.254,42.254,-6.718,3.8
74.541,-48.462,-0.585,3.8
83.059,-34.895,2.361,3.8
12.342,12.959,-2.727,3.8
-5.614,71.106,-8.363,3.8
1.121,36.739,-5.191,3.8
150.747,-12.33,5.399,3.8
55.15,-16.124,0.861,3.7
16.709,69.432,-3.034,3.7
54.561,-17.656,0.885,3.7
79.682,-51.436,-0.474,3.7
-1.415,46.28,-5.564,3.7
72.963,-48.94,-0.814,3.7
4.414,56.166,-4.584,3.7
3.717,19.521,-4.003,3.7
28.801,51.902,0.267,3.7
18.676,23.256,-2.8,3.7
21.201,35.434,-1.782,3.7
-0.625,50.567,-5.494,3.6
7.978,50.084,-3.653,3.6
79.071,-47.908,-0.0609999999999999,3.6
18.993,70.686,-2.955,3.6
74.322,-48.327,-0.602,3.6
9.513,47.484,-3.3,3.6
0.484,64.443,-6.162,3.6
0.168,56.398,-5.526,3.6
110.692,-67.812,-1.433,3.6
16.015,49.597,-2.062,3.6
-7.014,40.543,-6.475,3.6
-2.145,0.694,-1.663,3.6
14.062,-6.489,-1.337,3.6
15.414,52.622,-2.154,3.5
78.952,-48.204,-0.147,3.5
-2.15,79.715,-8.561,3.5
-6.05,44.967,-6.471,3.5
4.395,51.8,-4.405,3.5
-4.371,-3.031,-1.931,3.5
13.732,49.922,-2.57,3.5
14.4,45.624,-2.389,3.5
29.328,51.797,0.331,3.5
4.393,31.597,-4.649,3.5
-4.909,68.283,-7.844,3.5
8.367,40.856,-3.792,3.5
82.663,-38.871,1.627,3.5
70.199,-45.493,-0.559,3.5
56.245,-9.758,0.895,3.5
8.8,36.099,-3.829,3.5
98.283,-60.291,-0.81,3.4
-9.801,74.011,-9.697,3.4
72.42,-49.154,-0.842,3.4
-1.708,42.673,-5.715,3.4
-7.219,22.207,-4.886,3.4
-3.28,29.927,-5.476,3.4
-9.757,73.098,-9.524,3.4
11.658,72.954,-4.496,3.4
17.84,37.679,-2.076,3.4
37.72,54.786,1.658,3.4
14.476,49.925,-2.434,3.4
-7.959,65.326,-8.347,3.4
4.225,49.453,-4.398,3.4
-5.217,72.722,-8.565,3.3
113.546,-52.914,0.631,3.3
16.985,-17.047,-1.517,3.3
18.302,33.919,-2.275,3.3
72.69,-47.311,-0.629,3.3
70.999,-44.433,-0.349,3.3
145.124,-7.116,5.937,3.3
66.27,-42.885,-0.55,3.2
6.2,46.831,-4.036,3.2
4.721,31.982,-4.55,3.2
-2.352,48.492,-5.893,3.2
22.772,47.285,-0.865,3.2
71.273,-48.239,-0.801,3.2
83.125,-50.873,-0.151,3.2
3.571,57.659,-4.822,3.2
10.47,51.962,-3.266,3.2
95.1,-54.853,-0.00600000000000001,3.2
-1.101,43.327,-5.602,3.2
82.715,-39.295,1.59,3.1
87.377,-50.86,0.116,3.1
-1.29,47.899,-5.54,3.1
-5.273,45.97,-6.425,3.1
24.33,65.676,-1.719,3.1
3.21,10.624,-3.099,3.1
-5.688,13.025,-3.92,3.1
-8.11,41.895,-6.686,3.1
93.399,-44.49,1.335,3.1
19.856,47.831,-1.345,3.1
-9.041,66.206,-8.672,3.1
-2.948,51.024,-6.038,3
8.189,58.247,-3.914,3
-3.437,45.474,-6.044,3
148.618,-5.765,6.165,3
75.215,-45.299,-0.0629999999999999,3
-4.041,51.727,-6.31,3
-1.7411795,56.7241,-6.023,3
-4.172079,69.67914,-7.781,3
-5.569626,68.03424,-7.974,3
13.274681,66.08131,-3.26,3
10.320979,59.78878,-3.447,3
6.4878025,59.85468,-4.329,3
15.375012,48.11245,-2.195,3
55.225677,-16.157265,0.871,3
95.21896,-54.475555,0.0999999999999999,3
95.48225,-54.530956,0.0939999999999999,3
90.98103,-50.774246,0.299,3
152.70566,-22.811895,4.79,3
155.12445,-22.64794,4.442,3
3.9779541,56.189728,-4.695,3
2.0744457,67.36687,-6.343,3
-3.482,81.276,-9.156,3
-3.758,47.995,-6.198,3
6.818,59.608,-4.244,3
19.248,32.656,-2.205,3
0.289,56.748,-5.532,3
21.048,27.232,-2.305,3
-2.202,49.94,-5.862,2.9
-1.619,52.051,-5.747,2.9
59.25,-40.61,-0.833,2.9
4.466,53.233,-4.47,2.9
26.945,52.141,-0.056,2.9
-7.251,74.701,-9.323,2.9
163.588,-19.862,4.463,2.9
81.606,-41.185,1.231,2.9
88.69,-51.274,0.127,2.8
7.201,13.629,-3.157,2.8
2.506,71.373,-6.333,2.8
21.54,31.377,-1.994,2.8
86.685,-36.839,2.209,2.8
74.613,-49.333,-0.75,2.8
29.442,36.398,-0.245,2.8
21.106,29.547,-2.151,2.8
12.272,16.694,-3.116,2.8
83.324,-41.112,1.448,2.7
104.215,-35.298,2.341,2.7
6.338,57.034,-4.206,2.7
74.683,-48.843,-0.652,2.7
151.013,-5.672,6.075,2.7
88.992,-49.514,0.39,2.6
149.483,-19.158,5.274,2.6
71.873,-48.598,-0.806,2.6
122.402,-28.8,3.161,2.6
10.196,76.088,-5.574,2.6
-1.123,65.028,-6.617,2.5
4.57,54.444,-4.447,2.5
74.453,-48.722,-0.649,2.5
2.491,67.569,-6.335,2.4
3.982,56.392,-4.705,2.4
-3.496,45.789,-6.041,2.4
11.184,47.645,-3.026,2.3
152.298,-19.739,5.154,2.3
78.183,-30.873,2.572,2.2
138.25,0.156,6.348,2.2
154.13,-10.057,5.538,2.2
147.95,-5.719,6.128,2.1
157.568,-12.534,5.097,2.1
-2.189,56.683,-6.13,2.1
155.86,-15.353,4.901,2.1
85.224,-20.707,3.453,2.1
149.51,-6.35,6.056,2.1
7.21295,57.29662,-4.021,2
58.83577,-17.762774,1.315,2
85.80487,-31.910118,2.918,2
86.673676,-36.42499,2.235,2
84.115685,-41.124004,1.491,2
88.599655,-49.369785,0.425,2
103.53823,-36.32117,2.252,2
111.32443,-19.903643,3.856,2
117.87975,8.760869,7.356,2
116.51288,11.327139,7.547,2
136.94595,0.2477832,6.459,2
122.050354,-31.085634,3.158,2
146.24889,-28.54881,3.529,2
150.65097,-24.81173,4.571,2
152.49998,-25.008642,4.652,2
153.00827,-25.779366,4.398,2
153.02145,-21.155674,4.97,2
157.17099,-20.836582,4.655,2
154.55301,-19.575722,5.059,2
142.69337,-17.311583,4.645,2
144.60283,-15.385634,4.941,2
146.74614,-14.022988,5.168,2
154.59096,-10.195771,5.518,2
154.53893,-9.81583,5.551,2
155.8037,-9.708457,5.305,2
155.43524,-9.566563,5.374,2
162.67838,-19.719854,4.616,2
159.14862,-19.347246,4.634,2
77.49485,-45.27583,0.232,2
8.528,54.745,-3.621,2
88.734,-49.422,0.406,2
154.817,-14.767,4.955,2
157.504,-18.212,4.642,2
148.001,-4.858,6.21,1.2
0.659,20.513,-4.396,1
86.30163,-32.948185,2.783,1
122.085556,0.62003905,6.204,1
136.21844,0.9371191,6.467,1
139.792,-1.6502246,6.322,1
136.91338,-3.0855274,6.267,1
124.863945,-3.2487304,6.061,1
121.823235,-36.28875,2.808,1
122.75691,-38.696014,2.489,1
145.99751,-19.757334,4.584,1
146.13019,-17.118935,4.885,1
152.35588,-12.626612,5.45,1
152.96385,-11.303681,5.541,1
153.6979,-11.237676,5.566,1
144.276,-7.549,5.908,1
149.42188,-9.344697,5.75,1
152.60278,-9.560996,5.744,1
155.42273,-17.924942,4.94,1
154.1507,-16.796963,5.059,1
153.94296,-16.698965,5.082,1
160.83324,-16.02915,4.708,1
